Código;Nombre de la cuenta;Tipo;Permitir conciliación;Moneda de la cuenta
101000;ACTIVOS CORRIENTES;Activos corrientes;FALSO;
101300;CUENTAS POR COBRAR (PDV);Por cobrar;VERDADERO;
101401;BANCO;Banco y efectivo;FALSO;
101402;CUENTA TRANSITORIA;Activos corrientes;FALSO;
101403;RECIBOS PENDIENTES;Activos corrientes;VERDADERO;
101404;PAGOS PENDIENTES;Activos corrientes;VERDADERO;
101701;TRANSFERENCIA DE LIQUIDEZ;Activos corrientes;VERDADERO;
110100;VALORACIÓN DE EXISTENCIAS;Activos corrientes;FALSO;
110101;CAJA PRINCIPAL BS;Banco y efectivo;VERDADERO;
110102;BANCO NACIONAL BS;Banco y efectivo;VERDADERO;
11010210;BANCO PROVINCIAL # 167089;Banco y efectivo;FALSO;
11010220;BANCO BANESCO # 1006336;Banco y efectivo;FALSO;
11010230;BANCO MERCANTIL # 8654933;Banco y efectivo;FALSO;
11010240;BANCO BICENTENARIO # 1415829;Banco y efectivo;FALSO;
11010250;BANCO DE VENEZUELA;Banco y efectivo;FALSO;
11010260;BANCO NACIONAL DE CREDITO;Banco y efectivo;FALSO;
11010270;BANCO BANESCO R #007433;Banco y efectivo;FALSO;
11010271;BANCO PROVINCIAL R #137015;Banco y efectivo;FALSO;
110103;BANCOS EN EL EXTERIOR;Banco y efectivo;VERDADERO;
11010310;BANCO PROVINCIAL USD #446887;Banco y efectivo;FALSO;
11010320;BANCO BANESCO USD;Banco y efectivo;FALSO;
11010330;CUENTA ZELLE USD;Banco y efectivo;FALSO;
110104;PAGOS PENDIENTES POR CONCILIAR;Activos corrientes;VERDADERO;
110105;TARJETAS POR COBRAR (PUNTO DE VENTA);Activos corrientes;VERDADERO;
110106;CAJA PRINCIPAL USD;Banco y efectivo;VERDADERO;
110301;CLIENTES NACIONALES BS;Por cobrar;VERDADERO;
110302;CLIENTES NACIONALES USD;Por cobrar;VERDADERO;
110303;ANTICIPOS A PROVEEDORES BS;Activos corrientes;VERDADERO;
110304;ANTICIPOS A PROVEEDORES USD;Activos corrientes;VERDADERO;
110400;COSTO DE PRODUCCIÓN;Activos corrientes;VERDADERO;
110500;TRABAJO EN CURSO;Activos corrientes;VERDADERO;
110501;IVA CREDITO FISCAL (16%);Activos corrientes;VERDADERO;
110502;IVA CREDITO FISCAL (REDUCIDO 8%);Activos corrientes;VERDADERO;
110503;IVA CREDITO FISCAL (SUNTUARIO 31%);Activos corrientes;VERDADERO;
110504;RETENCIONES DE IVA ACUMULADAS;Activos corrientes;VERDADERO;VES
110505;RETENCIONES DE ISLR ACUMULADAS;Activos corrientes;VERDADERO;
110506;RETENCIONES MUNICIPALES ACUMULADAS;Activos corrientes;VERDADERO;
121000;CUENTA POR COBRAR;Por cobrar;VERDADERO;
121100;PRODUCTOS A RECIBIR;Activos corrientes;VERDADERO;
122000;CUENTA CORRIENTE DEL PROPIETARIO;Por cobrar;VERDADERO;
128000;GASTOS PREPAGADOS;Activos corrientes;FALSO;
131000;IMPUESTO PAGADO;Activos corrientes;FALSO;
132000;IMPUESTO POR COBRAR;Por cobrar;VERDADERO;
141000;PREPAGOS;Prepagos;FALSO;
151000;ACTIVO FIJO;Activos fijos;FALSO;
191000;ACTIVOS NO CIRCULANTES;Activos no corrientes;FALSO;
201000;PASIVOS CORRIENTES;Pasivos corrientes;FALSO;
201100;TARJETA DE CRÉDITO;Tarjeta de crédito;FALSO;
210101;PROVEEDORES NACIONALES BS;Por pagar;VERDADERO;
210102;ANTICIPOS DE CLIENTES BS;Pasivos corrientes;VERDADERO;
210103;ANTICIPOS DE CLIENTES USD;Pasivos corrientes;VERDADERO;
210201;IVA DEBITO FISCAL (16%);Pasivos corrientes;VERDADERO;
210202;IVA DEBITO FISCAL (REDUCIDO 8%);Pasivos corrientes;VERDADERO;
210203;IVA DEBITO FISCAL (SUNTUARIO 31%);Pasivos corrientes;VERDADERO;
210204;IGTF POR ENTERAR (3%);Pasivos corrientes;VERDADERO;USD
210205;RETENCIONES IVA POR ENTERAR;Pasivos corrientes;VERDADERO;
210206;RETENCIONES ISLR - HONORARIOS;Pasivos corrientes;VERDADERO;
210207;RETENCIONES ISLR - SERVICIOS;Pasivos corrientes;VERDADERO;
210208;CONTRIBUCION ESPECIAL DE PENSIONES;Pasivos corrientes;VERDADERO;
210209;RETENCIONES MUNICIPALES POR PAGAR;Pasivos corrientes;VERDADERO;
211000;CUENTA POR PAGAR;Por pagar;VERDADERO;
211100;FACTURAS POR COBRAR;Pasivos corrientes;VERDADERO;
212000;INGRESOS DIFERIDOS;Pasivos corrientes;FALSO;
230000;SUELDO POR PAGAR;Pasivos corrientes;VERDADERO;
230100;IMPUESTOS DE NÓMINA DEL EMPLEADO;Pasivos corrientes;VERDADERO;
230200;IMPUESTO DE NÓMINA DEL EMPLEADOR;Pasivos corrientes;VERDADERO;
251000;IMPUESTO RECIBIDO;Pasivos corrientes;FALSO;
252000;IMPUESTO POR PAGAR;Por pagar;VERDADERO;
291000;PASIVOS NO CIRCULANTES;Pasivos no circulantes;FALSO;
301000;CAPITAL;Capital;FALSO;
302000;DIVIDENDOS;Capital;FALSO;
310101;CAPITAL SOCIAL;Capital;FALSO;
310102;RESULTADOS ACUMULADOS;Capital;FALSO;
310103;RESULTADO DEL EJERCICIO;Capital;FALSO;
400000;VENTA DE PRODUCTOS;Ingreso;FALSO;
400001;VENTA DE SERVICIOS;Ingreso;FALSO;
410101;VENTAS NACIONALES (GRAVADAS);Ingreso;FALSO;
410102;VENTAS EXENTAS / EXONERADAS;Ingreso;FALSO;
410103;GANANCIA POR DIFERENCIAL CAMBIARIO;Ingreso;FALSO;
441000;GANANCIA POR TIPO DE CAMBIO;Ingreso;FALSO;
442000;GANANCIA POR DIFERENCIA DE EFECTIVO;Ingreso;FALSO;
443000;PÉRDIDA POR DIFERENCIA DE EFECTIVO;Gastos;FALSO;
450000;OTRO INGRESO;Otro ingreso;FALSO;
500000;COSTO DE BIENES VENDIDOS;Costo de ingresos;FALSO;
510101;COMPRAS NACIONALES (GRAVADAS);Gastos;FALSO;
510102;PERDIDA POR DIFERENCIAL CAMBIARIO;Gastos;FALSO;
510103;GASTOS BANCARIOS E IGTF BANCARIO;Gastos;FALSO;
600000;GASTOS;Gastos;FALSO;
610000;VARIACIÓN DEL INVENTARIO;Gastos;FALSO;
611000;COMPRA DE EQUIPO;Gastos;FALSO;
612000;RENTA;Gastos;FALSO;
620000;COMISIONES BANCARIAS;Gastos;FALSO;
630000;GASTOS DE SUELDO;Gastos;FALSO;
641000;PÉRDIDA POR TIPO DE CAMBIO;Gastos;FALSO;
642000;PÉRDIDA POR DIFERENCIA DE EFECTIVO;Gastos;FALSO;
643000;GANANCIA POR DESCUENTO DE EFECTIVO;Ingreso;FALSO;
961000;GASTOS DE I+D;Gastos;FALSO;
962000;GASTOS DE SALARIO;Gastos;FALSO;
999998;GANANCIAS RETENIDAS ACUMULADAS;Ganancias del año en curso;FALSO;
999999;ASIGNACIÓN DE GANANCIAS O PÉRDIDAS;Ganancias del año en curso;FALSO;
